modelo,accuracy_mean,f1_mean,roc_auc_mean,accuracy_std,f1_std,roc_auc_std,fit_s
Baseline (clase mayoritaria),0.6200437545577664,0.0,0.5,2.55181762973696e-05,0.0,0.0,0.30417709350585936
Regresión logística (tabular),0.8066673611834567,0.7336116592880241,0.8861425259351321,0.0020769245621850238,0.003076961301232351,0.0021328610652809406,0.7727264404296875
Árbol de decisión,0.7948640483383687,0.7223040805696663,0.8703743795580815,0.003285046062343215,0.007563163377596626,0.002364484747086701,0.9185501575469971
Random Forest,0.8132305448484217,0.7442194561702162,0.8926505616812568,0.0020909857952522183,0.0030292445547719106,0.0016115188393968263,11.37757306098938
Gradient Boosting (tabular),0.8223460777164288,0.7631008450437553,0.9019371344075369,0.0026849923885928825,0.004083851900542604,0.002171996064135654,1.3638911247253418
Regresión logística + TF-IDF,0.8678299822898218,0.8224347502344239,0.9431242855191332,0.002314195184394831,0.0029243497561262316,0.0009957623083713476,9.048933696746825
Gradient Boosting (ajustado),0.8221481404312948,0.7629733493483111,0.9020449689514394,0.0019931966382505974,0.003176666440477406,0.001975804093688982,2.806723976135254
Regresión logística + TF-IDF (ajustada),0.8678299822898218,0.8224347502344239,0.9431242855191332,0.002314195184394831,0.0029243497561262316,0.0009957623083713476,9.115368700027465
"Gradient Boosting (ajustado, sin catador)",0.8189290551099072,0.7583939993037789,0.8984255323264623,0.001974267050742856,0.00303990925832346,0.00244585228719512,2.354218053817749
Stacking (texto + tabular),0.8683612876341286,0.82325067306476,0.9433432791188334,0.0016207557851521698,0.002253916301287883,0.0009599301567590895,68.95642704963684
